Specie,Records
Eremophila alpestris_Horned Lark,100
Cygnus olor_Mute Swan,100
Thamnophilus doliatus_Barred Antshrike,100
Charadrius semipalmatus_Semipalmated Plover,100
Attila bolivianus_Dull-capped Attila,65
Botaurus stellaris_Great Bittern,100
Myiodynastes luteiventris_Sulphur-bellied Flycatcher,100
Mionectes macconnelli_McConnell's Flycatcher,15
Anurolimnas fasciatus_Black-banded Crake,34
Catharus ustulatus_Swainson's Thrush,100
Pilherodius pileatus_Capped Heron,6
Patagioenas plumbea_Plumbeous Pigeon,100
Cymbilaimus sanctaemariae_Bamboo Antshrike,43
Chauna torquata_Southern Screamer,78
Threnetes leucurus_Pale-tailed Barbthroat,19
Megascops watsonii_Tawny-bellied Screech-Owl,100
Cyanoloxia rothschildii_Amazonian Grosbeak,100
Cardellina pusilla_Wilson's Warbler,100
Fulica americana_American Coot,100
Synallaxis albescens_Pale-breasted Spinetail,100
Columba palumbus_Common Wood-Pigeon,100
Chlorostilbon mellisugus_Blue-tailed Emerald,14
Euphonia rufiventris_Rufous-bellied Euphonia,50
Tityra inquisitor_Black-crowned Tityra,24
Piaya cayana_Squirrel Cuckoo,100
Myiopagis viridicata_Greenish Elaenia,100
Coccyzus americanus_Yellow-billed Cuckoo,100
Coccyzus melacoryphus_Dark-billed Cuckoo,60
Falco subbuteo_Eurasian Hobby,100
Agelasticus cyanopus_Unicolored Blackbird,27
Empidonomus aurantioatrocristatus_Crowned Slaty Flycatcher,39
Mimus polyglottos_Northern Mockingbird,100
Pitangus lictor_Lesser Kiskadee,87
Lamprospiza melanoleuca_Red-billed Pied Tanager,52
Eubucco tucinkae_Scarlet-hooded Barbet,7
Eurypyga helias_Sunbittern,72
Molothrus oryzivorus_Giant Cowbird,55
Porphyrio flavirostris_Azure Gallinule,18
Dendrocolaptes certhia_Amazonian Barred-Woodcreeper,100
Myiozetetes similis_Social Flycatcher,100
Glyphorynchus spirurus_Wedge-billed Woodcreeper,100
Schistochlamys melanopis_Black-faced Tanager,34
Hypocnemoides maculicauda_Band-tailed Antbird,50
Myrmotherula longipennis_Long-winged Antwren,70
Troglodytes troglodytes_Eurasian Wren,100
Pheucticus ludovicianus_Rose-breasted Grosbeak,100
Pionites leucogaster_White-bellied Parrot,58
Sporophila bouvronides_Lesson's Seedeater,33
Saxicola rubicola_European Stonechat,100
Sylvia atricapilla_Eurasian Blackcap,100
Metopothrix aurantiaca_Orange-fronted Plushcrown,20
Hemithraupis guira_Guira Tanager,100
Anurolimnas castaneiceps_Chestnut-headed Crake,53
Spizelloides arborea_American Tree Sparrow,90
Calidris bairdii_Baird's Sandpiper,68
Bartramia longicauda_Upland Sandpiper,65
Setopagis parvula_Little Nightjar,67
Hylocichla mustelina_Wood Thrush,100
Dromococcyx phasianellus_Pheasant Cuckoo,100
Pooecetes gramineus_Vesper Sparrow,100
Aratinga weddellii_Dusky-headed Parakeet,50
Haemorhous purpureus_Purple Finch,100
Volatinia jacarina_Blue-black Grassquit,100
Taraba major_Great Antshrike,100
Podiceps auritus_Horned Grebe,82
Tunchiornis ochraceiceps_Tawny-crowned Greenlet,100
Empidonax wrightii_Gray Flycatcher,100
Notharchus ordii_Brown-banded Puffbird,22
Pteroglossus castanotis_Chestnut-eared Aracari,63
Artemisiospiza nevadensis_Sagebrush Sparrow,48
Anser albifrons_Greater White-fronted Goose,100
Dryocopus pileatus_Pileated Woodpecker,100
Streptopelia decaocto_Eurasian Collared-Dove,100
Campephilus melanoleucos_Crimson-crested Woodpecker,100
Setophaga pensylvanica_Chestnut-sided Warbler,100
Chloroceryle amazona_Amazon Kingfisher,76
Tachornis squamata_Fork-tailed Palm-Swift,28
Dryobates affinis_Red-stained Woodpecker,59
Tersina viridis_Swallow Tanager,74
Fringilla montifringilla_Brambling,100
Galbula dea_Paradise Jacamar,58
Arremon taciturnus_Pectoral Sparrow,100
Chroicocephalus philadelphia_Bonaparte's Gull,44
Amazonetta brasiliensis_Brazilian Teal,48
Empidonax minimus_Least Flycatcher,100
Sitta pygmaea_Pygmy Nuthatch,100
Setophaga coronata_Yellow-rumped Warbler,100
Luscinia megarhynchos_Common Nightingale,100
Colaptes auratus_Northern Flicker,100
Alectoris chukar_Chukar,42
Vireo gilvus_Warbling Vireo,100
Laniocera hypopyrra_Cinereous Mourner,91
Leistes militaris_Red-breasted Meadowlark,40
Automolus melanopezus_Brown-rumped Foliage-gleaner,32
Nyctidromus albicollis_Common Pauraque,100
Elaenia parvirostris_Small-billed Elaenia,100
Sturnella neglecta_Western Meadowlark,100
Milvus migrans_Black Kite,100
Ictinia plumbea_Plumbeous Kite,38
Cephalopterus ornatus_Amazonian Umbrellabird,8
Larus californicus_California Gull,49
Quiscalus quiscula_Common Grackle,100
Calidris fuscicollis_White-rumped Sandpiper,48
Dendroplex picus_Straight-billed Woodcreeper,100
Leptopogon amaurocephalus_Sepia-capped Flycatcher,100
Jabiru mycteria_Jabiru,13
Syndactyla ucayalae_Peruvian Recurvebill,52
Megascops choliba_Tropical Screech-Owl,100
Jacamerops aureus_Great Jacamar,100
Laterallus melanophaius_Rufous-sided Crake,100
Tyrannus verticalis_Western Kingbird,98
Podiceps cristatus_Great Crested Grebe,100
Tringa erythropus_Spotted Redshank,100
Tringa flavipes_Lesser Yellowlegs,100
Myiozetetes luteiventris_Dusky-chested Flycatcher,63
Passerina amoena_Lazuli Bunting,100
Sialia sialis_Eastern Bluebird,100
Rynchops niger_Black Skimmer,75
Coccyzus erythropthalmus_Black-billed Cuckoo,56
Spizaetus tyrannus_Black Hawk-Eagle,100
Branta canadensis_Canada Goose,100
Quiscalus mexicanus_Great-tailed Grackle,100
Lophornis chalybeus_Festive Coquette,6
Sturnus vulgaris_European Starling,100
Egretta thula_Snowy Egret,65
Platalea ajaja_Roseate Spoonbill,25
Tapera naevia_Striped Cuckoo,100
Tringa melanoleuca_Greater Yellowlegs,100
Salpinctes obsoletus_Rock Wren,100
Emberiza citrinella_Yellowhammer,100
Neopelma sulphureiventer_Sulphur-bellied Tyrant-Manakin,30
Tyrannus savana_Fork-tailed Flycatcher,60
Philydor pyrrhodes_Cinnamon-rumped Foliage-gleaner,53
Icterus cayanensis_Epaulet Oriole,63
Coccothraustes coccothraustes_Hawfinch,100
Phlegopsis nigromaculata_Black-spotted Bare-eye,83
Phaeomyias murina_Mouse-colored Tyrannulet,100
Chelidoptera tenebrosa_Swallow-winged Puffbird,45
Xenops tenuirostris_Slender-billed Xenops,10
Thraupis palmarum_Palm Tanager,100
Bubo virginianus_Great Horned Owl,100
Buteo buteo_Common Buzzard,100
Campylopterus largipennis_Gray-breasted Sabrewing,19
Cacicus cela_Yellow-rumped Cacique,100
Periparus ater_Coal Tit,100
Spinus psaltria_Lesser Goldfinch,100
Xenops rutilans_Streaked Xenops,100
Columba livia_Rock Pigeon,100
Pygiptila stellaris_Spot-winged Antshrike,95
Primolius couloni_Blue-headed Macaw,28
Saltator coerulescens_Grayish Saltator,100
Zonotrichia atricapilla_Golden-crowned Sparrow,100
Crypturellus cinereus_Cinereous Tinamou,100
Oressochen jubatus_Orinoco Goose,27
Sublegatus modestus_Southern Scrub-Flycatcher,50
Agelasticus xanthophthalmus_Pale-eyed Blackbird,9
Ramphastos vitellinus_Channel-billed Toucan,100
Casiornis rufus_Rufous Casiornis,37
Dysithamnus mentalis_Plain Antvireo,100
Hypocnemis subflava_Yellow-breasted Warbling-Antbird,49
Aythya marila_Greater Scaup,23
Ammodramus aurifrons_Yellow-browed Sparrow,94
Electron platyrhynchum_Broad-billed Motmot,100
Dolichonyx oryzivorus_Bobolink,100
Poecile atricapillus_Black-capped Chickadee,100
Mionectes oleagineus_Ochre-bellied Flycatcher,100
Delichon urbicum_Common House-Martin,100
Malacoptila semicincta_Semicollared Puffbird,10
Cyanocitta cristata_Blue Jay,100
Sayornis saya_Say's Phoebe,66
Crotophaga ani_Smooth-billed Ani,100
Piculus chrysochloros_Golden-green Woodpecker,40
Molothrus ater_Brown-headed Cowbird,100
Spinus spinus_Eurasian Siskin,100
Sialia mexicana_Western Bluebird,56
Acrocephalus arundinaceus_Great Reed Warbler,100
Passerculus sandwichensis_Savannah Sparrow,100
Coereba flaveola_Bananaquit,100
Setophaga citrina_Hooded Warbler,100
Myrmotherula sclateri_Sclater's Antwren,60
Buteo swainsoni_Swainson's Hawk,29
Monasa morphoeus_White-fronted Nunbird,72
Phylloscopus trochilus_Willow Warbler,100
Melospiza melodia_Song Sparrow,100
Bucephala albeola_Bufflehead,16
Butorides striata_Striated Heron,100
Chloroceryle americana_Green Kingfisher,85
Accipiter superciliosus_Tiny Hawk,21
Vireo chivi_Chivi Vireo,100
Anas acuta_Northern Pintail,53
Myrmelastes hyperythrus_Plumbeous Antbird,84
Lullula arborea_Wood Lark,100
Busarellus nigricollis_Black-collared Hawk,52
Bucco capensis_Collared Puffbird,47
Akletos goeldii_Goeldi's Antbird,74
Crotophaga major_Greater Ani,100
Vireo solitarius_Blue-headed Vireo,100
Patagioenas subvinacea_Ruddy Pigeon,100
Vireo olivaceus_Red-eyed Vireo,100
Hydropsalis climacocerca_Ladder-tailed Nightjar,21
Pipile cumanensis_Blue-throated Piping-Guan,31
Larus delawarensis_Ring-billed Gull,84
Sphyrapicus varius_Yellow-bellied Sapsucker,80
Charadrius morinellus_Eurasian Dotterel,92
Helicolestes hamatus_Slender-billed Kite,27
Micrastur gilvicollis_Lined Forest-Falcon,80
Chaetura cinereiventris_Gray-rumped Swift,60
Phaethornis malaris_Great-billed Hermit,39
Notharchus hyperrhynchus_White-necked Puffbird,62
Contopus sordidulus_Western Wood-Pewee,100
Dryobates scalaris_Ladder-backed Woodpecker,100
Crypturellus strigulosus_Brazilian Tinamou,60
Pluvialis dominica_American Golden-Plover,66
Oxyura jamaicensis_Ruddy Duck,28
Trogon curucui_Blue-crowned Trogon,100
Epinecrophylla ornata_Ornate Stipplethroat,78
Turdus amaurochalinus_Creamy-bellied Thrush,100
Tringa nebularia_Common Greenshank,100
Passerina cyanea_Indigo Bunting,100
Sublegatus obscurior_Amazonian Scrub-Flycatcher,22
Hydroprogne caspia_Caspian Tern,100
Gampsonyx swainsonii_Pearl Kite,23
Schiffornis major_Varzea Schiffornis,53
Ramphastos tucanus_White-throated Toucan,100
Frederickena unduliger_Undulated Antshrike,11
Cymbilaimus lineatus_Fasciated Antshrike,100
Clangula hyemalis_Long-tailed Duck,86
Podiceps grisegena_Red-necked Grebe,89
Selasphorus rufus_Rufous Hummingbird,67
Prunella modularis_Dunnock,100
Accipiter bicolor_Bicolored Hawk,44
Pheugopedius genibarbis_Moustached Wren,100
Chloroceryle inda_Green-and-rufous Kingfisher,38
Myiarchus crinitus_Great Crested Flycatcher,100
Cairina moschata_Muscovy Duck,26
Tolmomyias assimilis_Yellow-margined Flycatcher,95
Dryocopus lineatus_Lineated Woodpecker,100
Automolus infuscatus_Olive-backed Foliage-gleaner,93
Celeus spectabilis_Rufous-headed Woodpecker,29
Charadrius vociferus_Killdeer,100
Forpus modestus_Dusky-billed Parrotlet,23
Myiarchus tyrannulus_Brown-crested Flycatcher,100
Setophaga nigrescens_Black-throated Gray Warbler,100
Cotinga cayana_Spangled Cotinga,3
Mycteria americana_Wood Stork,17
Celeus grammicus_Scale-breasted Woodpecker,87
Pulsatrix perspicillata_Spectacled Owl,100
Stelgidopteryx serripennis_Northern Rough-winged Swallow,42
Rallus aquaticus_Water Rail,100
Chaetura egregia_Pale-rumped Swift,8
Zenaida macroura_Mourning Dove,100
Xiphocolaptes promeropirhynchus_Strong-billed Woodcreeper,100
Passerina caerulea_Blue Grosbeak,100
Leucosticte tephrocotis_Gray-crowned Rosy-Finch,48
Hemitriccus iohannis_Johannes's Tody-Tyrant,54
Chrysuronia oenone_Golden-tailed Sapphire,42
Galbalcyrhynchus purusianus_Purus Jacamar,30
Bucco macrodactylus_Chestnut-capped Puffbird,13
Sporophila castaneiventris_Chestnut-bellied Seedeater,38
Columbina picui_Picui Ground Dove,39
Geococcyx californianus_Greater Roadrunner,97
Tinamus tao_Gray Tinamou,50
Anthus rubescens_American Pipit,100
Campephilus rubricollis_Red-necked Woodpecker,100
Tyrannopsis sulphurea_Sulphury Flycatcher,60
Dryocopus martius_Black Woodpecker,100
Myrmoborus lophotes_White-lined Antbird,55
Lipaugus vociferans_Screaming Piha,100
Tringa solitaria_Solitary Sandpiper,100
Phalacrocorax carbo_Great Cormorant,97
Cissopis leverianus_Magpie Tanager,73
Gymnoderus foetidus_Bare-necked Fruitcrow,1
Plegadis falcinellus_Glossy Ibis,63
Rupornis magnirostris_Roadside Hawk,100
Empidonax hammondii_Hammond's Flycatcher,100
Geothlypis aequinoctialis_Masked Yellowthroat,20
Xiphorhynchus ocellatus_Ocellated Woodcreeper,17
Porzana carolina_Sora,100
Turdus lawrencii_Lawrence's Thrush,69
Manacus manacus_White-bearded Manakin,100
Vanellus chilensis_Southern Lapwing,100
Aythya ferina_Common Pochard,65
Sitta europaea_Eurasian Nuthatch,100
Accipiter striatus_Sharp-shinned Hawk,24
Falco tinnunculus_Eurasian Kestrel,100
Junco hyemalis_Dark-eyed Junco,100
Myiophobus fasciatus_Bran-colored Flycatcher,100
Regulus satrapa_Golden-crowned Kinglet,100
Ara ararauna_Blue-and-yellow Macaw,100
Calidris mauri_Western Sandpiper,38
Columba oenas_Stock Dove,100
Fringilla coelebs_Common Chaffinch,100
Turdus ignobilis_Black-billed Thrush,100
Muscicapa striata_Spotted Flycatcher,100
Nonnula ruficapilla_Rufous-capped Nunlet,25
Philydor erythrocercum_Rufous-rumped Foliage-gleaner,52
Bucephala clangula_Common Goldeneye,100
Sporophila luctuosa_Black-and-white Seedeater,66
Dendrocolaptes picumnus_Black-banded Woodcreeper,100
Turdus hauxwelli_Hauxwell's Thrush,79
Podiceps nigricollis_Eared Grebe,53
Mesembrinibis cayennensis_Green Ibis,84
Neomorphus geoffroyi_Rufous-vented Ground-Cuckoo,11
Icterus parisorum_Scott's Oriole,100
Cantorchilus leucotis_Buff-breasted Wren,100
Xanthocephalus xanthocephalus_Yellow-headed Blackbird,88
Cistothorus palustris_Marsh Wren,100
Sterna hirundo_Common Tern,100
Gavia immer_Common Loon,83
Setophaga palmarum_Palm Warbler,62
Dryobates nuttallii_Nuttall's Woodpecker,73
Capsiempis flaveola_Yellow Tyrannulet,100
Aythya fuligula_Tufted Duck,100
Isleria hauxwelli_Plain-throated Antwren,100
Conopophaga peruviana_Ash-throated Gnateater,14
Elanoides forficatus_Swallow-tailed Kite,81
Spinus pinus_Pine Siskin,100
Tangara gyrola_Bay-headed Tanager,54
Automolus rufipileatus_Chestnut-crowned Foliage-gleaner,100
Phalaropus lobatus_Red-necked Phalarope,100
Elanus leucurus_White-tailed Kite,36
Streptoprocne rutila_Chestnut-collared Swift,24
Anser anser_Graylag Goose,100
Phaethornis philippii_Needle-billed Hermit,9
Celeus elegans_Chestnut Woodpecker,49
Tityra cayana_Black-tailed Tityra,65
Geranospiza caerulescens_Crane Hawk,53
Emberiza cia_Rock Bunting,100
Pipilo maculatus_Spotted Towhee,100
Dacnis lineata_Black-faced Dacnis,11
Spizaetus ornatus_Ornate Hawk-Eagle,71
Certhia americana_Brown Creeper,100
Tyrannulus elatus_Yellow-crowned Tyrannulet,70
Haemorhous mexicanus_House Finch,100
Pachyramphus minor_Pink-throated Becard,37
Onychorhynchus coronatus_Royal Flycatcher,40
Tachycineta thalassina_Violet-green Swallow,75
Aphelocoma californica_California Scrub-Jay,88
Turdus viscivorus_Mistle Thrush,100
Charadrius collaris_Collared Plover,42
Aix galericulata_Mandarin Duck,52
Nycticorax nycticorax_Black-crowned Night-Heron,100
Empidonax difficilis_Pacific-slope Flycatcher,100
Crypturellus variegatus_Variegated Tinamou,69
Vireo flavoviridis_Yellow-green Vireo,100
Ixobrychus exilis_Least Bittern,100
Lanio versicolor_White-winged Shrike-Tanager,39
Liosceles thoracicus_Rusty-belted Tapaculo,100
Myiothlypis fulvicauda_Buff-rumped Warbler,100
Tachyphonus cristatus_Flame-crested Tanager,32
Saltator maximus_Buff-throated Saltator,100
Tangara mexicana_Turquoise Tanager,28
Motacilla cinerea_Gray Wagtail,100
Catharus fuscescens_Veery,100
Sporophila lineola_Lined Seedeater,75
Myrmotherula iheringi_Ihering's Antwren,29
Camptostoma obsoletum_Southern Beardless-Tyrannulet,100
Morphnus guianensis_Crested Eagle,11
Tringa glareola_Wood Sandpiper,100
Myrmotherula brachyura_Pygmy Antwren,100
Attila spadiceus_Bright-rumped Attila,100
Buteo lineatus_Red-shouldered Hawk,83
Cercomacra manu_Manu Antbird,64
Amazona farinosa_Mealy Parrot,100
Passer montanus_Eurasian Tree Sparrow,100
Contopus virens_Eastern Wood-Pewee,100
Geothlypis tolmiei_MacGillivray's Warbler,100
Larus canus_Mew Gull,100
Setophaga virens_Black-throated Green Warbler,100
Serinus serinus_European Serin,100
Pitangus sulphuratus_Great Kiskadee,100
Tangara chilensis_Paradise Tanager,80
Ixothraupis punctata_Spotted Tanager,18
Aquila chrysaetos_Golden Eagle,55
Pernis apivorus_European Honey-buzzard,65
Pteroglossus azara_Ivory-billed Aracari,15
Glaucis hirsutus_Rufous-breasted Hermit,36
Synallaxis cabanisi_Cabanis's Spinetail,30
Sylvia curruca_Lesser Whitethroat,100
Chordeiles rupestris_Sand-colored Nighthawk,8
Cacicus solitarius_Solitary Black Cacique,100
Regulus ignicapilla_Common Firecrest,100
Formicarius analis_Black-faced Antthrush,100
Anhinga anhinga_Anhinga,45
Tangara velia_Opal-rumped Tanager,35
Cyanistes caeruleus_Eurasian Blue Tit,100
Tachycineta albiventer_White-winged Swallow,31
Thryomanes bewickii_Bewick's Wren,100
Megaceryle alcyon_Belted Kingfisher,85
Lanius ludovicianus_Loggerhead Shrike,100
Numenius arquata_Eurasian Curlew,100
Molothrus bonariensis_Shiny Cowbird,100
Columbina talpacoti_Ruddy Ground Dove,84
Geothlypis trichas_Common Yellowthroat,100
Ochthornis littoralis_Drab Water Tyrant,20
Patagioenas speciosa_Scaled Pigeon,100
Euphonia chlorotica_Purple-throated Euphonia,100
Limnodromus scolopaceus_Long-billed Dowitcher,88
Psarocolius decumanus_Crested Oropendola,100
Butorides virescens_Green Heron,87
Rhytipterna simplex_Grayish Mourner,100
Picumnus aurifrons_Bar-breasted Piculet,16
Platyrinchus coronatus_Golden-crowned Spadebill,86
Pachyramphus castaneus_Chestnut-crowned Becard,100
Heliothryx auritus_Black-eared Fairy,10
Phaetusa simplex_Large-billed Tern,59
Heliornis fulica_Sungrebe,32
Thamnophilus aethiops_White-shouldered Antshrike,100
Empidonomus varius_Variegated Flycatcher,72
Pteroglossus beauharnaesii_Curl-crested Aracari,24
Psophia leucoptera_Pale-winged Trumpeter,19
Carduelis carduelis_European Goldfinch,100
Phainopepla nitens_Phainopepla,76
Tolmomyias flaviventris_Yellow-breasted Flycatcher,100
Aeronautes saxatalis_White-throated Swift,45
Tachyphonus rufiventer_Yellow-crested Tanager,2
Circus aeruginosus_Eurasian Marsh-Harrier,100
Pionus menstruus_Blue-headed Parrot,100
Turdus merula_Eurasian Blackbird,100
Nucifraga columbiana_Clark's Nutcracker,100
Lanius collurio_Red-backed Shrike,100
Calidris himantopus_Stilt Sandpiper,43
Heterocercus linteatus_Flame-crowned Manakin,12
Tyranneutes stolzmanni_Dwarf Tyrant-Manakin,100
Micrastur ruficollis_Barred Forest-Falcon,100
Accipiter gentilis_Northern Goshawk,100
Contopus cooperi_Olive-sided Flycatcher,100
Lepidocolaptes fatimalimae_Inambari Woodcreeper,14
Buteo jamaicensis_Red-tailed Hawk,100
Spatula querquedula_Garganey,85
Euchrepomis humeralis_Chestnut-shouldered Antwren,27
Chordeiles acutipennis_Lesser Nighthawk,54
Machaeropterus pyrocephalus_Fiery-capped Manakin,42
Vireo plumbeus_Plumbeous Vireo,100
Phaethornis ruber_Reddish Hermit,99
Jacana jacana_Wattled Jacana,100
Harpia harpyja_Harpy Eagle,50
Micrastur buckleyi_Buckley's Forest-Falcon,28
Charadrius dubius_Little Ringed Plover,100
Actitis macularius_Spotted Sandpiper,100
Pipra fasciicauda_Band-tailed Manakin,58
Mareca americana_American Wigeon,50
Oreoscoptes montanus_Sage Thrasher,43
Icterus croconotus_Orange-backed Troupial,55
Ciccaba huhula_Black-banded Owl,100
Seiurus aurocapilla_Ovenbird,100
Myrmelastes humaythae_Humaita Antbird,20
Myiarchus cinerascens_Ash-throated Flycatcher,100
Trogon collaris_Collared Trogon,100
Zonotrichia leucophrys_White-crowned Sparrow,100
Thamnophilus schistaceus_Plain-winged Antshrike,100
Myiodynastes maculatus_Streaked Flycatcher,100
Buteo nitidus_Gray-lined Hawk,100
Discosura langsdorffi_Black-bellied Thorntail,3
Cacicus haemorrhous_Red-rumped Cacique,100
Cotinga maynana_Plum-throated Cotinga,7
Chondrohierax uncinatus_Hook-billed Kite,21
Toxostoma rufum_Brown Thrasher,100
Myiopagis gaimardii_Forest Elaenia,100
Ciccaba virgata_Mottled Owl,100
Poecilotriccus albifacies_White-cheeked Tody-Flycatcher,23
Philydor rufum_Buff-fronted Foliage-gleaner,87
Pygochelidon cyanoleuca_Blue-and-white Swallow,100
Sclateria naevia_Silvered Antbird,100
Melospiza lincolnii_Lincoln's Sparrow,100
Poecile palustris_Marsh Tit,100
Progne chalybea_Gray-breasted Martin,100
Stelgidopteryx ruficollis_Southern Rough-winged Swallow,88
Larus michahellis_Yellow-legged Gull,100
Thlypopsis sordida_Orange-headed Tanager,55
Sclerurus mexicanus_Tawny-throated Leaftosser,34
Luscinia svecica_Bluethroat,100
Zebrilus undulatus_Zigzag Heron,56
Momotus momota_Amazonian Motmot,100
Oriolus oriolus_Eurasian Golden Oriole,100
Passer domesticus_House Sparrow,100
Euphagus carolinus_Rusty Blackbird,76
Cnemotriccus fuscatus_Fuscous Flycatcher,100
Pandion haliaetus_Osprey,100
Cercomacra cinerascens_Gray Antbird,100
Sayornis nigricans_Black Phoebe,100
Heliodoxa aurescens_Gould's Jewelfront,7
Larus argentatus_Herring Gull,100
Pyrocephalus rubinus_Vermilion Flycatcher,20
Ramphocelus nigrogularis_Masked Crimson Tanager,38
Todirostrum maculatum_Spotted Tody-Flycatcher,49
Spizella pusilla_Field Sparrow,100
Apus apus_Common Swift,100
Crypturellus bartletti_Bartlett's Tinamou,37
Myrmothera campanisona_Thrush-like Antpitta,100
Deconychura longicauda_Long-tailed Woodcreeper,69
Hemitriccus griseipectus_White-bellied Tody-Tyrant,99
Leucopternis melanops_Black-faced Hawk,32
Patagioenas cayennensis_Pale-vented Pigeon,100
Calypte costae_Costa's Hummingbird,32
Daptrius ater_Black Caracara,68
Xiphorhynchus guttatus_Buff-throated Woodcreeper,100
Psarocolius angustifrons_Russet-backed Oropendola,100
Larus cachinnans_Caspian Gull,68
Actitis hypoleucos_Common Sandpiper,100
Thalurania furcata_Fork-tailed Woodnymph,37
Nemosia pileata_Hooded Tanager,49
Corvus monedula_Eurasian Jackdaw,100
Hylophylax naevius_Spot-backed Antbird,100
Melanerpes carolinus_Red-bellied Woodpecker,100
Ornithion inerme_White-lored Tyrannulet,100
Buteogallus urubitinga_Great Black Hawk,90
Selasphorus platycercus_Broad-tailed Hummingbird,100
Philydor erythropterum_Chestnut-winged Foliage-gleaner,33
Turdus iliacus_Redwing,100
Stilpnia cyanicollis_Blue-necked Tanager,42
Haliaeetus leucocephalus_Bald Eagle,51
Megaceryle torquata_Ringed Kingfisher,100
Fulica atra_Eurasian Coot,100
Poecilotriccus latirostris_Rusty-fronted Tody-Flycatcher,70
Atticora fasciata_White-banded Swallow,38
Leiothlypis celata_Orange-crowned Warbler,100
Brachygalba albogularis_White-throated Jacamar,18
Pyrrhura roseifrons_Rose-fronted Parakeet,11
Hemithraupis flavicollis_Yellow-backed Tanager,32
Vireo cassinii_Cassin's Vireo,100
Cyanocitta stelleri_Steller's Jay,100
Anser caerulescens_Snow Goose,98
Celeus torquatus_Ringed Woodpecker,89
Rhegmatorhina melanosticta_Hairy-crested Antbird,54
Regulus calendula_Ruby-crowned Kinglet,100
Chaetura pelagica_Chimney Swift,40
Buteo albonotatus_Zone-tailed Hawk,32
Chloris chloris_European Greenfinch,100
Anhima cornuta_Horned Screamer,69
Ceratopipra rubrocapilla_Red-headed Manakin,87
Phylloscopus collybita_Common Chiffchaff,100
Pseudastur albicollis_White Hawk,25
Conirostrum speciosum_Chestnut-vented Conebill,79
Falco vespertinus_Red-footed Falcon,28
Psaltriparus minimus_Bushtit,100
Psittacara leucophthalmus_White-eyed Parakeet,100
Tyrannus tyrannus_Eastern Kingbird,98
Ardea alba_Great Egret,100
Lepidothrix coronata_Blue-crowned Manakin,100
Vermivora cyanoptera_Blue-winged Warbler,100
Tadorna tadorna_Common Shelduck,100
Conioptilon mcilhennyi_Black-faced Cotinga,31
Pyrrhula pyrrhula_Eurasian Bullfinch,100
Aythya collaris_Ring-necked Duck,34
Cardinalis cardinalis_Northern Cardinal,100
Spatula clypeata_Northern Shoveler,93
Crypturellus obsoletus_Brown Tinamou,100
Ara chloropterus_Red-and-green Macaw,88
Sirystes albocinereus_White-rumped Sirystes,27
Erithacus rubecula_European Robin,100
Neoctantes niger_Black Bushbird,34
Elaenia spectabilis_Large Elaenia,98
Empidonax traillii_Willow Flycatcher,100
Vanellus cayanus_Pied Lapwing,32
Sittasomus griseicapillus_Olivaceous Woodcreeper,100
Pachysylvia hypoxantha_Dusky-capped Greenlet,87
Grus grus_Common Crane,100
Haematopus ostralegus_Eurasian Oystercatcher,100
Ramphotrigon megacephalum_Large-headed Flatbill,100
Myiozetetes granadensis_Gray-capped Flycatcher,84
Monasa flavirostris_Yellow-billed Nunbird,24
Melospiza georgiana_Swamp Sparrow,100
Cranioleuca gutturata_Speckled Spinetail,38
Alopochen aegyptiaca_Egyptian Goose,100
Trogon viridis_Green-backed Trogon,100
Tachybaptus dominicus_Least Grebe,70
Ciconia ciconia_White Stork,75
Automolus ochrolaemus_Buff-throated Foliage-gleaner,100
Passerella iliaca_Fox Sparrow,100
Inezia inornata_Plain Tyrannulet,45
Phalacrocorax auritus_Double-crested Cormorant,39
Elaenia albiceps_White-crested Elaenia,76
Dendrocygna viduata_White-faced Whistling-Duck,100
Garrulus glandarius_Eurasian Jay,100
Nystalus obamai_Western Striolated-Puffbird,37
Cygnus buccinator_Trumpeter Swan,50
Bubulcus ibis_Cattle Egret,100
Ammodramus humeralis_Grassland Sparrow,100
Vireo flavifrons_Yellow-throated Vireo,100
Corvus corone_Carrion Crow,100
Hirundo rustica_Barn Swallow,100
Porphyrio martinica_Purple Gallinule,100
Acrocephalus scirpaceus_Eurasian Reed Warbler,100
Epinecrophylla leucophthalma_White-eyed Stipplethroat,73
Melanerpes lewis_Lewis's Woodpecker,37
Laterallus exilis_Gray-breasted Crake,100
Calidris minutilla_Least Sandpiper,100
Anas platyrhynchos_Mallard,100
Numenius americanus_Long-billed Curlew,71
Phylloscartes parkeri_Cinnamon-faced Tyrannulet,11
Campylorhamphus trochilirostris_Red-billed Scythebill,100
Dumetella carolinensis_Gray Catbird,100
Emberiza schoeniclus_Reed Bunting,100
Leptodon cayanensis_Gray-headed Kite,74
Bombycilla cedrorum_Cedar Waxwing,100
Calidris pusilla_Semipalmated Sandpiper,97
Baeolophus bicolor_Tufted Titmouse,100
Donacobius atricapilla_Black-capped Donacobius,100
Anthracothorax nigricollis_Black-throated Mango,24
Colaptes punctigula_Spot-breasted Woodpecker,44
Psittacula eupatria_Alexandrine Parakeet,45
Cercomacroides fuscicauda_Riparian Antbird,63
Piranga rubra_Summer Tanager,100
Rostrhamus sociabilis_Snail Kite,90
Nyctibius griseus_Common Potoo,100
Turdus philomelos_Song Thrush,100
Ichthyaetus melanocephalus_Mediterranean Gull,83
Dendrocincla fuliginosa_Plain-brown Woodcreeper,100
Dacnis cayana_Blue Dacnis,56
Dendrocygna autumnalis_Black-bellied Whistling-Duck,100
Amazilia lactea_Sapphire-spangled Emerald,42
Psittacula krameri_Rose-ringed Parakeet,100
Nasica longirostris_Long-billed Woodcreeper,76
Dromococcyx pavoninus_Pavonine Cuckoo,92
Zonotrichia albicollis_White-throated Sparrow,100
Scolopax minor_American Woodcock,100
Monasa nigrifrons_Black-fronted Nunbird,94
Myrmotherula multostriata_Amazonian Streaked-Antwren,92
Microrhopias quixensis_Dot-winged Antwren,100
Microxenops milleri_Rufous-tailed Xenops,19
Formicarius colma_Rufous-capped Antthrush,100
Poecile gambeli_Mountain Chickadee,100
Tolmomyias poliocephalus_Gray-crowned Flycatcher,100
Accipiter cooperii_Cooper's Hawk,100
Orthopsittaca manilatus_Red-bellied Macaw,71
Empidonax alnorum_Alder Flycatcher,100
Pyrrhura rupicola_Black-capped Parakeet,19
Calypte anna_Anna's Hummingbird,100
Tangara schrankii_Green-and-gold Tanager,26
Clibanornis rubiginosus_Ruddy Foliage-gleaner,100
Myrmoborus leucophrys_White-browed Antbird,100
Ibycter americanus_Red-throated Caracara,100
Pachyramphus marginatus_Black-capped Becard,80
Cathartes aura_Turkey Vulture,4
Pharomachrus pavoninus_Pavonine Quetzal,50
Thamnomanes ardesiacus_Dusky-throated Antshrike,100
Oenanthe oenanthe_Northern Wheatear,100
Troglodytes aedon_House Wren,100
Panyptila cayennensis_Lesser Swallow-tailed Swift,7
Myiornis ecaudatus_Short-tailed Pygmy-Tyrant,88
Porphyrolaema porphyrolaema_Purple-throated Cotinga,6
Microcerculus marginatus_Scaly-breasted Wren,100
Hafferia fortis_Sooty Antbird,91
Setophaga fusca_Blackburnian Warbler,100
Circus hudsonius_Northern Harrier,36
Legatus leucophaius_Piratic Flycatcher,100
Certhia brachydactyla_Short-toed Treecreeper,100
Sarcoramphus papa_King Vulture,2
Myiopagis caniceps_Gray Elaenia,100
Aechmophorus occidentalis_Western Grebe,46
Cyanerpes caeruleus_Purple Honeycreeper,24
Vireolanius leucotis_Slaty-capped Shrike-Vireo,100
Cyanocorax cyanomelas_Purplish Jay,69
Corvus frugilegus_Rook,100
Linaria cannabina_Eurasian Linnet,100
Spinus tristis_American Goldfinch,100
Pipilo chlorurus_Green-tailed Towhee,100
Amazona ochrocephala_Yellow-crowned Parrot,93
Harpagus bidentatus_Double-toothed Kite,33
Setophaga petechia_Yellow Warbler,100
Mergus serrator_Red-breasted Merganser,38
Piranga ludoviciana_Western Tanager,100
Sporophila angolensis_Chestnut-bellied Seed-Finch,100
Sclerurus caudacutus_Black-tailed Leaftosser,62
Petrochelidon pyrrhonota_Cliff Swallow,81
Dendrocincla merula_White-chinned Woodcreeper,28
Tigrisoma lineatum_Rufescent Tiger-Heron,59
Querula purpurata_Purple-throated Fruitcrow,100
Dacnis flaviventer_Yellow-bellied Dacnis,16
Ara severus_Chestnut-fronted Macaw,100
Atticora tibialis_White-thighed Swallow,31
Cochlearius cochlearius_Boat-billed Heron,33
Crypturellus atrocapillus_Black-capped Tinamou,27
Riparia riparia_Bank Swallow,100
Nomonyx dominicus_Masked Duck,10
Micrastur mirandollei_Slaty-backed Forest-Falcon,64
Falco rufigularis_Bat Falcon,77
Chroicocephalus ridibundus_Black-headed Gull,100
Ixothraupis xanthogastra_Yellow-bellied Tanager,9
Hippolais polyglotta_Melodious Warbler,100
Micrastur semitorquatus_Collared Forest-Falcon,100
Progne tapera_Brown-chested Martin,65
Sporophila caerulescens_Double-collared Seedeater,100
Falco columbarius_Merlin,64
Epinecrophylla amazonica_Rio Madeira Stipplethroat,30
Satrapa icterophrys_Yellow-browed Tyrant,12
Pipilo erythrophthalmus_Eastern Towhee,100
Gallinago delicata_Wilson's Snipe,100
Nyctiphrynus ocellatus_Ocellated Poorwill,79
Thamnomanes schistogynus_Bluish-slate Antshrike,60
Chaetura brachyura_Short-tailed Swift,44
Pyrilia barrabandi_Orange-cheeked Parrot,26
Chlorophonia cyanea_Blue-naped Chlorophonia,83
Recurvirostra americana_American Avocet,50
Spizella passerina_Chipping Sparrow,100
Hypocnemis peruviana_Peruvian Warbling-Antbird,100
Tachycineta bicolor_Tree Swallow,100
Anas crecca_Green-winged Teal,100
Podilymbus podiceps_Pied-billed Grebe,100
Spizaetus melanoleucus_Black-and-white Hawk-Eagle,15
Thripophaga fusciceps_Plain Softtail,31
Euphonia minuta_White-vented Euphonia,47
Florisuga mellivora_White-necked Jacobin,39
Aramides cajaneus_Gray-cowled Wood-Rail,100
Thamnophilus amazonicus_Amazonian Antshrike,83
Sphyrapicus ruber_Red-breasted Sapsucker,48
Ardea cocoi_Cocoi Heron,49
Phoenicurus ochruros_Black Redstart,100
Tringa ochropus_Green Sandpiper,100
Todirostrum chrysocrotaphum_Yellow-browed Tody-Flycatcher,59
Calidris melanotos_Pectoral Sandpiper,94
Phasianus colchicus_Ring-necked Pheasant,100
Claravis pretiosa_Blue Ground Dove,100
Tyto alba_Barn Owl,100
Falco deiroleucus_Orange-breasted Falcon,29
Hylopezus berlepschi_Amazonian Antpitta,59
Automolus subulatus_Striped Woodhaunter,78
Oporornis agilis_Connecticut Warbler,54
Cacicus oseryi_Casqued Cacique,33
Phalacrocorax brasilianus_Neotropic Cormorant,88
Dryobates minor_Lesser Spotted Woodpecker,100
Geotrygon montana_Ruddy Quail-Dove,96
Buteogallus schistaceus_Slate-colored Hawk,41
Ardea herodias_Great Blue Heron,84
Mionectes olivaceus_Olive-striped Flycatcher,40
Parus major_Great Tit,100
Tityra semifasciata_Masked Tityra,89
Calliphlox amethystina_Amethyst Woodstar,8
Sturnella magna_Eastern Meadowlark,100
Milvus milvus_Red Kite,61
Progne elegans_Southern Martin,17
Baeolophus ridgwayi_Juniper Titmouse,87
Ramphotrigon ruficauda_Rufous-tailed Flatbill,89
Glaucidium hardyi_Amazonian Pygmy-Owl,74
Accipiter nisus_Eurasian Sparrowhawk,100
Plegadis chihi_White-faced Ibis,52
Brotogeris cyanoptera_Cobalt-winged Parakeet,73
Cyanocorax violaceus_Violaceous Jay,100
Pheucticus melanocephalus_Black-headed Grosbeak,100
Capito auratus_Gilded Barbet,49
Aramus guarauna_Limpkin,100
Motacilla flava_Western Yellow Wagtail,100
Terenotriccus erythrurus_Ruddy-tailed Flycatcher,71
Alcedo atthis_Common Kingfisher,100
Xiphorhynchus elegans_Elegant Woodcreeper,78
Polioptila caerulea_Blue-gray Gnatcatcher,100
Asio flammeus_Short-eared Owl,91
Myiarchus swainsoni_Swainson's Flycatcher,100
Lophophanes cristatus_Crested Tit,100
Brotogeris sanctithomae_Tui Parakeet,34
Buteo platypterus_Broad-winged Hawk,90
Cygnus columbianus_Tundra Swan,97
Motacilla alba_White Wagtail,100
Streptopelia turtur_European Turtle-Dove,100
Sternula superciliaris_Yellow-billed Tern,25
Cyclarhis gujanensis_Rufous-browed Peppershrike,100
Toxostoma lecontei_LeConte's Thrasher,33
Larus fuscus_Lesser Black-backed Gull,100
Nannopsittaca dachilleae_Amazonian Parrotlet,2
Icterus galbula_Baltimore Oriole,100
Lurocalis semitorquatus_Short-tailed Nighthawk,100
Acanthis flammea_Common Redpoll,100
Paroaria gularis_Red-capped Cardinal,26
Milvago chimachima_Yellow-headed Caracara,100
Psarocolius bifasciatus_Olive Oropendola,55
Formicivora rufa_Rusty-backed Antwren,100
Asio clamator_Striped Owl,100
Serpophaga hypoleuca_River Tyrannulet,17
Myrmoborus myotherinus_Black-faced Antbird,100
Nonnula sclateri_Fulvous-chinned Nunlet,7
Pteroglossus inscriptus_Lettered Aracari,19
Chloroceryle aenea_American Pygmy Kingfisher,31
Alauda arvensis_Eurasian Skylark,100
Emberiza cirlus_Cirl Bunting,100
Platyrinchus platyrhynchos_White-crested Spadebill,90
Chlorophanes spiza_Green Honeycreeper,46
Sayornis phoebe_Eastern Phoebe,100
Anthus trivialis_Tree Pipit,100
Tangara callophrys_Opal-crowned Tanager,14
Campylorhynchus turdinus_Thrush-like Wren,100
Euphagus cyanocephalus_Brewer's Blackbird,72
Athene cunicularia_Burrowing Owl,100
Campylorhynchus brunneicapillus_Cactus Wren,100
Corvus corax_Common Raven,100
Chamaeza nobilis_Striated Antthrush,44
Megarynchus pitangua_Boat-billed Flycatcher,100
Opisthocomus hoazin_Hoatzin,90
Gymnorhinus cyanocephalus_Pinyon Jay,79
Dryobates villosus_Hairy Woodpecker,100
Aulacorhynchus albivitta_Southern Emerald-Toucanet,100
Empidonax oberholseri_Dusky Flycatcher,100
Streptoprocne zonaris_White-collared Swift,73
Amphispiza bilineata_Black-throated Sparrow,100
Dichrozona cincta_Banded Antbird,57
Myiarchus ferox_Short-crested Flycatcher,100
Lophostrix cristata_Crested Owl,81
Setophaga ruticilla_American Redstart,100
Ancistrops strigilatus_Chestnut-winged Hookbill,27
Galbula cyanescens_Bluish-fronted Jacamar,45
Crypturellus parvirostris_Small-billed Tinamou,72
Regulus regulus_Goldcrest,100
Setophaga striata_Blackpoll Warbler,100
Hylocharis cyanus_White-chinned Sapphire,89
Sciaphylax hemimelaena_Chestnut-tailed Antbird,100
Hylexetastes stresemanni_Bar-bellied Woodcreeper,14
Corvus brachyrhynchos_American Crow,100
Sylvia borin_Garden Warbler,100
Dryobates passerinus_Little Woodpecker,71
Saltator grossus_Slate-colored Grosbeak,100
Phoenicurus phoenicurus_Common Redstart,100
Aegithalos caudatus_Long-tailed Tit,100
Mareca penelope_Eurasian Wigeon,100
Furnarius leucopus_Pale-legged Hornero,60
Parkesia noveboracensis_Northern Waterthrush,100
Callipepla californica_California Quail,100
Dendrocoptes medius_Middle Spotted Woodpecker,100
Certhia familiaris_Eurasian Treecreeper,100
Caracara plancus_Southern Caracara,74
Myiarchus tuberculifer_Dusky-capped Flycatcher,100
Xiphorhynchus obsoletus_Striped Woodcreeper,68
Dryobates pubescens_Downy Woodpecker,100
Euphonia laniirostris_Thick-billed Euphonia,100
Dendrexetastes rufigula_Cinnamon-throated Woodcreeper,100
Anser serrirostris_Tundra Bean-Goose,39
Berlepschia rikeri_Point-tailed Palmcreeper,50
Gallinago gallinago_Common Snipe,100
Sitta carolinensis_White-breasted Nuthatch,100
Catherpes mexicanus_Canyon Wren,100
Chondestes grammacus_Lark Sparrow,100
Falco sparverius_American Kestrel,94
Spatula discors_Blue-winged Teal,76
Colonia colonus_Long-tailed Tyrant,100
Zimmerius gracilipes_Slender-footed Tyrannulet,56
Penelope jacquacu_Spix's Guan,54
Picumnus rufiventris_Rufous-breasted Piculet,37
Colibri coruscans_Sparkling Violetear,100
Calidris alpina_Dunlin,100
Parkerthraustes humeralis_Yellow-shouldered Grosbeak,21
Crypturellus undulatus_Undulated Tinamou,100
Anthus pratensis_Meadow Pipit,100
Melanerpes cruentatus_Yellow-tufted Woodpecker,100
Cyanerpes cyaneus_Red-legged Honeycreeper,57
Selenidera reinwardtii_Golden-collared Toucanet,52
Haemorhous cassinii_Cassin's Finch,100
Aix sponsa_Wood Duck,55
Anabacerthia ruficaudata_Rufous-tailed Foliage-gleaner,20
Mitu tuberosum_Razor-billed Curassow,27
Hylophilus thoracicus_Lemon-chested Greenlet,94
Aythya americana_Redhead,17
Dendrocopos major_Great Spotted Woodpecker,100
Rhynchocyclus olivaceus_Olivaceous Flatbill,55
Nyctibius grandis_Great Potoo,55
Piprites chloris_Wing-barred Piprites,100
Synallaxis gujanensis_Plain-crowned Spinetail,100
Sialia currucoides_Mountain Bluebird,37
Scolopax rusticola_Eurasian Woodcock,100
Falco peregrinus_Peregrine Falcon,100
Ceratopipra chloromeros_Round-tailed Manakin,16
Eubucco richardsoni_Lemon-throated Barbet,23
Euphonia chrysopasta_Golden-bellied Euphonia,100
Vanellus vanellus_Northern Lapwing,100
Crypturellus soui_Little Tinamou,100
Chordeiles minor_Common Nighthawk,100
Euphonia cyanocephala_Golden-rumped Euphonia,88
Spizella breweri_Brewer's Sparrow,100
Tinamus major_Great Tinamou,99
Cercomacroides serva_Black Antbird,100
Coragyps atratus_Black Vulture,53
Catharus guttatus_Hermit Thrush,100
Ara macao_Scarlet Macaw,83
Pachyramphus polychopterus_White-winged Becard,100
Geotrygon violacea_Violaceous Quail-Dove,8
Corythopis torquatus_Ringed Antpipit,86
Turdus migratorius_American Robin,100
Nyctibius aethereus_Long-tailed Potoo,31
Iodopleura isabellae_White-browed Purpletuft,26
Thryothorus ludovicianus_Carolina Wren,100
Baryphthengus martii_Rufous Motmot,89
Agelaius phoeniceus_Red-winged Blackbird,100
Cygnus cygnus_Whooper Swan,100
Ortalis guttata_Speckled Chachalaca,84
Lathrotriccus euleri_Euler's Flycatcher,100
Touit huetii_Scarlet-shouldered Parrotlet,20
Archilochus alexandri_Black-chinned Hummingbird,86
Celeus flavus_Cream-colored Woodpecker,87
Pica hudsonia_Black-billed Magpie,72
Thraupis episcopus_Blue-gray Tanager,100
Icterus bullockii_Bullock's Oriole,100
Myrmophylax atrothorax_Black-throated Antbird,100
Corvus ossifragus_Fish Crow,97
Drymophila devillei_Striated Antbird,100
Gallinula chloropus_Eurasian Moorhen,100
Ardea cinerea_Gray Heron,100
Branta leucopsis_Barnacle Goose,100
Cyphorhinus arada_Musician Wren,100
Turdus albicollis_White-necked Thrush,100
Ramphotrigon fuscicauda_Dusky-tailed Flatbill,56
Cuculus canorus_Common Cuckoo,100
Leucopternis kuhli_White-browed Hawk,27
Odontophorus stellatus_Starred Wood-Quail,29
Elaenia gigas_Mottle-backed Elaenia,18
Glaucidium brasilianum_Ferruginous Pygmy-Owl,100
Sylvia communis_Greater Whitethroat,100
Tyrannus melancholicus_Tropical Kingbird,100
Schiffornis turdina_Brown-winged Schiffornis,92
Leptotila rufaxilla_Gray-fronted Dove,100
Turdus pilaris_Fieldfare,100
Habia rubica_Red-crowned Ant-Tanager,100
Trogon melanurus_Black-tailed Trogon,100
Tolmomyias sulphurescens_Yellow-olive Flycatcher,100
Piaya melanogaster_Black-bellied Cuckoo,33
Sporophila schistacea_Slate-colored Seedeater,59
Piranga olivacea_Scarlet Tanager,100
Notharchus tectus_Pied Puffbird,47
Geranoaetus albicaudatus_White-tailed Hawk,45
Willisornis poecilinotus_Common Scale-backed Antbird,100
Accipiter poliogaster_Gray-bellied Hawk,24
Hemitriccus flammulatus_Flammulated Pygmy-Tyrant,52
Artemisiospiza belli_Bell's Sparrow,83
Coccycua minuta_Little Cuckoo,69
Setophaga discolor_Prairie Warbler,100
Synallaxis albigularis_Dark-breasted Spinetail,78
Synallaxis rutilans_Ruddy Spinetail,77
Trogon ramonianus_Amazonian Trogon,60
Euphonia xanthogaster_Orange-bellied Euphonia,100
Formicarius rufifrons_Rufous-fronted Antthrush,25
Sitta canadensis_Red-breasted Nuthatch,100
Herpetotheres cachinnans_Laughing Falcon,100
Heliomaster longirostris_Long-billed Starthroat,16
Chaetura viridipennis_Amazonian Swift,11
Aphelocoma woodhouseii_Woodhouse's Scrub-Jay,100
Tachyphonus luctuosus_White-shouldered Tanager,53
Setophaga pinus_Pine Warbler,100
Sicalis flaveola_Saffron Finch,100
Piculus leucolaemus_White-throated Woodpecker,33
Myiozetetes cayanensis_Rusty-margined Flycatcher,100
Merops apiaster_European Bee-eater,100
Xenops minutus_Plain Xenops,100
Agamia agami_Agami Heron,11
Mareca strepera_Gadwall,100
Lophodytes cucullatus_Hooded Merganser,26
Archilochus colubris_Ruby-throated Hummingbird,39
Stilpnia nigrocincta_Masked Tanager,36
Anabazenops dorsalis_Dusky-cheeked Foliage-gleaner,46
Buteo brachyurus_Short-tailed Hawk,39
Mergus merganser_Common Merganser,100
Tinamus guttatus_White-throated Tinamou,46
Pica pica_Eurasian Magpie,100
Ramphocelus carbo_Silver-beaked Tanager,100
Picus viridis_Eurasian Green Woodpecker,100
Tachybaptus ruficollis_Little Grebe,100
Egretta caerulea_Little Blue Heron,44
Chiroxiphia pareola_Blue-backed Manakin,100
Phaethornis hispidus_White-bearded Hermit,24
Oneillornis salvini_White-throated Antbird,39
Myrmotherula menetriesii_Gray Antwren,100
Myrmotherula axillaris_White-flanked Antwren,100
Setophaga magnolia_Magnolia Warbler,100
Netta rufina_Red-crested Pochard,38
